{
  "classes": [
    "aloe",
    "guava",
    "hibiscus",
    "mango",
    "neem",
    "tulsi",
    "unknown"
  ],
  "class_weights": {
    "0": 1.6261398176291793,
    "1": 2.20467032967033,
    "2": 0.46697701483852194,
    "3": 2.011278195488722,
    "4": 0.8247687564234327,
    "5": 0.8016983016983017,
    "6": 1.2004487658937921
  },
  "initial_epochs_ran": 10,
  "fine_tune_epochs_ran": 4,
  "test_loss": 0.40244874358177185,
  "test_accuracy": 0.8657143115997314,
  "best_checkpoint": "C:\\Users\\Acer\\Desktop\\new\\leafmedic\\ml\\models\\best_model.keras"
}