{
  "classes": [
    "aloe",
    "guava",
    "hibiscus",
    "mango",
    "neem",
    "tulsi"
  ],
  "class_weights": {
    "0": 1.6713947990543736,
    "1": 2.266025641025641,
    "2": 0.47997284453496264,
    "3": 2.0672514619883042,
    "4": 0.8477218225419664,
    "5": 0.824009324009324
  },
  "initial_epochs_ran": 10,
  "fine_tune_epochs_ran": 8,
  "test_loss": 0.26170453429222107,
  "test_accuracy": 0.899350643157959,
  "best_checkpoint": "C:\\Users\\Acer\\Desktop\\new\\leafmedic\\ml\\models\\best_model.keras"
}