{
  "accuracy": [
    0.4292834997177124,
    0.6560747623443604,
    0.7451713681221008,
    0.7713395357131958,
    0.8112149238586426,
    0.8180685639381409,
    0.8218068480491638,
    0.8417445421218872,
    0.8585669994354248,
    0.859190046787262,
    0.6517133712768555,
    0.7719626426696777,
    0.8006230592727661,
    0.8074766397476196
  ],
  "val_accuracy": [
    0.7456140518188477,
    0.780701756477356,
    0.8128654956817627,
    0.8157894611358643,
    0.8333333134651184,
    0.8567251563072205,
    0.8625730872154236,
    0.847953200340271,
    0.8742690086364746,
    0.8742690086364746,
    0.8771929740905762,
    0.8684210777282715,
    0.8742690086364746,
    0.8742690086364746
  ],
  "loss": [
    1.7315664291381836,
    1.122894525527954,
    0.8653090000152588,
    0.7297542691230774,
    0.6496038436889648,
    0.5839819312095642,
    0.545224130153656,
    0.5132970809936523,
    0.44780775904655457,
    0.4400871694087982,
    0.8803955316543579,
    0.6562169194221497,
    0.6085982322692871,
    0.5901529788970947
  ],
  "val_loss": [
    0.9254980087280273,
    0.7026181817054749,
    0.5670046806335449,
    0.5174790620803833,
    0.48467597365379333,
    0.43491342663764954,
    0.4129136800765991,
    0.416090726852417,
    0.3515462279319763,
    0.3512897193431854,
    0.36785849928855896,
    0.3801291882991791,
    0.36711427569389343,
    0.35524043440818787
  ]
}