{
  "accuracy": [
    0.38755303621292114,
    0.6647807359695435,
    0.7425742745399475,
    0.7814710140228271,
    0.8210749626159668,
    0.8387553095817566,
    0.8444130420684814,
    0.8550212383270264,
    0.8705798983573914,
    0.8840169906616211,
    0.5990098714828491,
    0.7496463656425476,
    0.8076379299163818,
    0.8281471133232117,
    0.8387553095817566,
    0.8415841460227966,
    0.8528995513916016,
    0.8564356565475464
  ],
  "val_accuracy": [
    0.7342192530632019,
    0.8338870406150818,
    0.8504983186721802,
    0.8604651093482971,
    0.8704319000244141,
    0.8770763874053955,
    0.8704319000244141,
    0.8770763874053955,
    0.8903654217720032,
    0.8970099687576294,
    0.9069767594337463,
    0.9036544561386108,
    0.9036544561386108,
    0.9003322124481201,
    0.9102990031242371,
    0.9169435501098633,
    0.9169435501098633,
    0.920265793800354
  ],
  "loss": [
    1.7126222848892212,
    1.0281639099121094,
    0.8305985331535339,
    0.6780682802200317,
    0.6004120111465454,
    0.5324221849441528,
    0.490995854139328,
    0.48988771438598633,
    0.4147692024707794,
    0.3756713569164276,
    0.9162748456001282,
    0.6681005358695984,
    0.548417866230011,
    0.526995837688446,
    0.4964519441127777,
    0.4690256118774414,
    0.47328439354896545,
    0.44867029786109924
  ],
  "val_loss": [
    0.8819020390510559,
    0.5796912908554077,
    0.4677475690841675,
    0.4045693874359131,
    0.3530663251876831,
    0.30950045585632324,
    0.3038341701030731,
    0.29039716720581055,
    0.24800018966197968,
    0.22570881247520447,
    0.23617908358573914,
    0.23378977179527283,
    0.2255374938249588,
    0.21844355762004852,
    0.21078766882419586,
    0.2040119618177414,
    0.20011135935783386,
    0.19515059888362885
  ]
}